training/grad/max,training/grad/min,training/grad/norm,training/high_actor/actor_loss,training/high_actor/adv,training/high_actor/bc_log_prob,training/high_actor/mse,training/high_actor/std,training/low_actor/actor_loss,training/low_actor/adv,training/low_actor/bc_log_prob,training/low_actor/mse,training/low_actor/std,training/value/v_max,training/value/v_mean,training/value/v_min,training/value/value_loss,time/step_time,time/total_time,step
7.2123113,-11.496982,189.83331,391.95862,1.6265402,-10.368519,0.2358269,1.0,134.69315,0.12627533,-7.747578,0.0990175,1.0,0.2771096,-14.080828,-26.44975,0.59368926,0.008411752510070801,42.05876708030701,5000
12.556386,-13.97074,211.93718,474.37378,2.7412884,-9.909254,0.14397371,1.0,198.29668,0.31033665,-7.6924257,0.08522929,1.0,0.2234024,-22.272974,-42.9366,0.72853947,0.003574369955062866,59.930620193481445,10000
7.4029737,-10.103827,182.03668,510.43253,3.0515618,-9.785929,0.11930887,1.0,165.3535,0.29962307,-7.64641,0.07372546,1.0,0.2280699,-25.38603,-55.65429,0.76972306,0.0036092044830322266,77.97664523124695,15000
16.106682,-21.59185,238.22824,564.5014,3.1024287,-9.669023,0.09592742,1.0,169.73581,0.3709107,-7.634842,0.070833415,1.0,0.17461893,-28.006115,-65.89896,1.0673048,0.003620113277435303,96.07721495628357,20000
7.0514026,-7.507112,148.15771,582.67285,3.5339508,-9.615797,0.08528232,1.0,156.0227,0.355124,-7.62,0.06712292,1.0,0.13221298,-30.5017,-73.47177,0.7373986,0.0036294249057769777,114.2243423461914,25000
6.5734735,-8.659853,157.70679,592.86523,3.7424574,-9.679342,0.09799143,1.0,148.80875,0.32759812,-7.618951,0.0668606,1.0,0.19049978,-31.624971,-79.038345,0.95115906,0.003679659080505371,132.62264037132263,30000
8.463323,-7.782672,162.71143,570.206,3.7031188,-9.700722,0.10226734,1.0,178.29272,0.4630777,-7.607768,0.0640649,1.0,0.049181912,-32.30611,-83.75799,1.1566089,0.0036761966228485107,151.00362706184387,35000
6.59875,-7.73418,174.13393,597.1249,3.7251518,-9.696875,0.10149808,1.0,156.04794,0.38884717,-7.605006,0.063374475,1.0,0.087230004,-35.01935,-87.52478,1.4265324,0.0036624727725982666,169.31599402427673,40000
7.0031595,-11.184852,172.11475,597.4144,4.118609,-9.703472,0.1028173,1.0,151.50897,0.36302367,-7.583977,0.058117315,1.0,0.068613425,-35.142426,-90.34464,0.8864199,0.0036735114097595214,187.6835548877716,45000
17.072495,-11.304482,218.3459,615.9851,4.3417745,-9.727772,0.107677296,1.0,158.76736,0.38170275,-7.603653,0.06303625,1.0,0.07256807,-37.900387,-92.94676,1.1250038,0.003683124256134033,206.09917879104614,50000
11.9101925,-10.362164,222.56184,601.87964,3.997222,-9.7765045,0.11742377,1.0,197.04858,0.42347905,-7.5979815,0.0616182,1.0,0.09258036,-36.32235,-94.834335,1.1180367,0.004616836547851563,229.18336486816406,55000
15.730721,-15.706111,242.68996,599.04193,3.705203,-9.792631,0.12064912,1.0,168.96877,0.35556722,-7.6013346,0.062456615,1.0,0.088065825,-38.402298,-96.74373,1.5651859,0.003705379390716553,247.71026420593262,60000
21.050146,-24.89759,262.57254,624.0569,4.1796317,-9.75123,0.11236916,1.0,170.62616,0.32777882,-7.593109,0.060400367,1.0,0.08122198,-36.3156,-98.1562,1.5801674,0.0036857129096984865,266.13883423805237,65000
17.039978,-18.053028,249.64395,629.20154,4.232196,-9.696814,0.10148543,1.0,190.89557,0.4509053,-7.592567,0.0602647,1.0,0.20592174,-37.119324,-99.10982,1.352051,0.0036843517303466796,284.5605959892273,70000
6.3598475,-7.624026,268.11493,630.8751,4.303711,-9.648241,0.09177127,1.0,183.12154,0.47175285,-7.5915213,0.06000333,1.0,0.24322432,-38.04837,-100.00525,2.0851986,0.0036840588092803953,302.9808931350708,75000
15.489128,-11.189217,229.78574,647.68726,3.9583924,-9.872177,0.13655828,1.0,154.33528,0.2697198,-7.594842,0.06083345,1.0,0.0026485436,-37.152256,-100.56502,1.3094184,0.0036856289386749267,321.4090406894684,80000
8.6723,-6.473408,194.01732,614.59827,3.9152653,-9.731337,0.108390406,1.0,173.77771,0.3719406,-7.583933,0.058106214,1.0,0.1468375,-36.857185,-100.68975,1.2384169,0.003684084415435791,339.8294653892517,85000
11.273682,-6.7870846,232.63902,643.22284,4.467372,-9.774275,0.11697805,1.0,158.78165,0.26942056,-7.590086,0.059644494,1.0,0.093975544,-36.62404,-101.34774,1.7802651,0.00367667932510376,358.2128646373749,90000
21.062462,-26.230366,300.4879,639.18445,4.553558,-9.811562,0.12443515,1.0,181.38998,0.37829012,-7.5791817,0.056918457,1.0,0.15745723,-38.15883,-101.39032,1.4810853,0.003681695365905762,376.6213438510895,95000
10.666554,-8.775483,215.33174,639.3471,4.724521,-9.712946,0.10471231,1.0,163.67526,0.38158777,-7.58057,0.05726555,1.0,0.022232976,-37.016895,-102.21974,1.4880176,0.003676540946960449,395.00405168533325,100000
9.510562,-8.040041,191.3993,643.9594,4.4720726,-9.680737,0.09827036,1.0,172.2691,0.34015176,-7.595804,0.06107404,1.0,0.30526203,-42.157536,-102.1057,1.5379999,0.004693028974533081,418.46920108795166,105000
10.885687,-6.3470592,185.63481,637.52014,4.236909,-9.67916,0.09795488,1.0,147.83267,0.32117304,-7.5691433,0.05440887,1.0,0.03950237,-38.706543,-101.81192,1.1308043,0.0036837902069091796,436.88815450668335,110000
11.454734,-13.115716,229.34438,626.95026,4.0503078,-9.735169,0.10915679,1.0,174.2352,0.41507468,-7.568596,0.054271996,1.0,-0.012927163,-37.148865,-102.27043,1.4066668,0.0036863614082336426,455.31996488571167,115000
15.214133,-13.505828,241.87209,653.13574,4.5287685,-9.6737,0.09686307,1.0,196.74591,0.4729798,-7.568453,0.05423624,1.0,0.14517975,-38.80593,-101.77791,1.1710756,0.003687961769104004,473.75977849960327,120000
18.257288,-21.16215,311.25266,652.8778,4.329252,-9.682661,0.09865516,1.0,177.99066,0.46042746,-7.5857124,0.05855111,1.0,0.16704023,-38.558693,-102.3716,1.5046604,0.0036925971984863282,492.22276759147644,125000
9.314349,-7.4152718,195.22115,662.60803,4.658497,-9.661992,0.09452142,1.0,153.12408,0.36065543,-7.5662966,0.053697176,1.0,0.17014056,-39.640453,-101.687035,1.234635,0.003690455675125122,510.6750490665436,130000
9.492576,-7.4623356,273.5695,666.33685,4.4358215,-9.714334,0.10498972,1.0,167.15128,0.44371396,-7.5780487,0.056635156,1.0,0.15092814,-37.23985,-101.937805,1.495336,0.003685661506652832,529.1033594608307,135000
6.2767,-10.020461,262.85443,642.039,4.514854,-9.691851,0.100493096,1.0,171.53796,0.39489287,-7.567103,0.05389864,1.0,0.26928675,-41.572643,-101.905945,1.6696664,0.003686400890350342,547.5353665351868,140000
17.57893,-18.291988,224.78601,643.7387,4.087121,-9.6805935,0.09824171,1.0,163.2182,0.44500527,-7.57508,0.055892956,1.0,0.07971533,-38.699062,-102.19713,1.0579543,0.003689426565170288,565.9825022220612,145000
11.863261,-14.573108,217.8772,644.598,4.2966046,-9.639092,0.089941405,1.0,177.11057,0.45534495,-7.581876,0.057591833,1.0,0.119604304,-38.004562,-101.36339,1.6326523,0.0036877562046051023,584.4212861061096,150000
67.19715,-89.24977,653.4883,651.7975,4.4687204,-9.814081,0.124939255,1.0,170.70776,0.37637898,-7.5720077,0.055124916,1.0,0.049701847,-38.52017,-101.47247,1.9356718,0.0046103909492492675,607.4732439517975,155000
6.8411264,-15.86172,206.79903,660.02216,4.720965,-9.630561,0.08823518,1.0,175.59576,0.39261866,-7.570709,0.054800376,1.0,0.067125045,-39.00418,-101.23909,1.5041052,0.003693661594390869,625.9415545463562,160000
7.210934,-9.877282,208.86021,656.9186,4.24745,-9.7015505,0.102433085,1.0,156.0951,0.35181326,-7.5785823,0.056768566,1.0,0.10530783,-39.559635,-102.05611,1.327734,0.0037047779083251953,644.4654474258423,165000
15.350748,-19.837826,248.97311,646.2352,4.278052,-9.703672,0.102857254,1.0,161.63528,0.36640024,-7.567045,0.053884298,1.0,0.1135254,-37.580864,-101.499954,1.511558,0.003684405851364136,662.8874797821045,170000
8.076191,-9.363469,221.25667,645.3646,4.1677847,-9.596817,0.08148632,1.0,152.93073,0.3821257,-7.585779,0.05856774,1.0,0.13428092,-38.111885,-101.9898,1.2791897,0.003685809850692749,681.3165321350098,175000
15.81214,-12.711657,246.15047,639.9968,4.4625497,-9.598363,0.08179549,1.0,171.00781,0.41666526,-7.5787125,0.05680101,1.0,0.12694804,-37.69319,-101.72493,1.6808338,0.0036840718269348146,699.7368938922882,180000
10.957016,-12.941483,249.91917,671.4262,4.363789,-9.531922,0.068507396,1.0,146.95865,0.42951977,-7.549055,0.049386676,1.0,0.042398386,-38.653008,-102.4004,1.3311769,0.003684164047241211,718.1577169895172,185000
7.4937067,-6.758277,179.67969,639.22327,4.3695517,-9.602134,0.082549684,1.0,143.36588,0.40396526,-7.555771,0.051065695,1.0,0.11809111,-40.756042,-102.41905,1.0932422,0.0036907739639282225,736.6115894317627,190000
11.858346,-17.855423,240.82082,647.681,4.1781406,-9.653696,0.09286218,1.0,173.0431,0.47148705,-7.5610924,0.052396007,1.0,0.06712245,-37.388184,-101.43255,1.1118262,0.003691369867324829,755.0684418678284,195000
7.790174,-21.04712,186.61104,665.52216,4.3144007,-9.631089,0.08834082,1.0,175.61977,0.49656075,-7.5777903,0.056570522,1.0,0.10687877,-38.157467,-101.59018,1.4967191,0.0036925501346588134,773.5311954021454,200000
12.443409,-8.750426,305.1337,636.1641,3.854477,-9.663973,0.09491755,1.0,162.18134,0.32037652,-7.5658236,0.053578936,1.0,0.14192964,-40.429577,-102.26405,2.0675585,0.004646130180358887,796.7618498802185,205000
7.1785417,-13.97478,195.07544,666.4136,4.7999477,-9.571133,0.07634934,1.0,171.66232,0.4747005,-7.5671463,0.053909525,1.0,0.12215633,-38.316765,-101.69835,1.338177,0.0036865821838378905,815.1947636604309,210000
10.649681,-5.6949825,178.78299,648.89355,4.139989,-9.57789,0.07770095,1.0,175.08951,0.42043582,-7.568263,0.05418878,1.0,0.12815833,-40.259804,-101.91225,1.1935687,0.0036897449016571045,833.6434910297394,215000
12.3964,-12.108488,215.33305,642.2578,4.224277,-9.657118,0.09354665,1.0,168.6873,0.40494967,-7.5614214,0.05247823,1.0,0.16717878,-37.477592,-101.957146,1.4194617,0.003686701250076294,852.077000617981,220000
39.541183,-33.70262,374.94284,648.9065,4.1940484,-9.641812,0.090485506,1.0,172.80904,0.38683236,-7.5769625,0.056363657,1.0,0.18015805,-38.250282,-101.05058,1.6747284,0.0036868547439575195,870.5112767219543,225000
6.1535892,-6.5127516,230.07407,638.1851,4.057098,-9.717419,0.10560653,1.0,180.73636,0.3676385,-7.589041,0.05938327,1.0,0.09930695,-37.71994,-101.42694,1.854521,0.0036863666534423826,888.9431126117706,230000
15.251386,-6.8347173,214.86305,684.60266,4.9927177,-9.58162,0.078446984,1.0,165.60767,0.36345267,-7.56893,0.054355502,1.0,0.38182354,-39.459,-101.0504,0.97703195,0.003684710931777954,907.3666701316833,235000
7.8675776,-11.370803,226.96445,633.58594,4.155224,-9.608271,0.08377709,1.0,180.59929,0.4802514,-7.575672,0.056040972,1.0,0.035732538,-38.68066,-101.3374,1.8331702,0.003685330867767334,925.7933275699615,240000
13.79743,-10.905666,210.5317,661.60693,4.2783985,-9.579823,0.07808757,1.0,169.50975,0.4428897,-7.560234,0.05218149,1.0,0.11497218,-40.47963,-101.79316,1.162029,0.003678745174407959,944.1870560646057,245000
8.396894,-8.231633,199.39493,653.1472,4.4939947,-9.56498,0.07511888,1.0,163.49289,0.46285328,-7.563561,0.053013254,1.0,0.21052659,-39.7096,-101.192154,1.1412802,0.0036909850120544433,962.6419870853424,250000
9.662636,-7.7137938,188.56477,661.87744,4.604677,-9.544031,0.07092918,1.0,173.93251,0.44805288,-7.561372,0.052465808,1.0,0.23565276,-38.25839,-101.410904,1.0048954,0.004628041362762451,985.7821974754333,255000
7.2538176,-10.118356,205.31873,668.33325,4.6507807,-9.526604,0.067443825,1.0,158.16484,0.42286468,-7.573783,0.055568617,1.0,0.20657676,-40.24307,-101.09089,1.1096845,0.003686907958984375,1004.2167401313782,260000
15.582416,-8.702812,232.25252,651.8239,4.3497624,-9.5319195,0.06850689,1.0,181.2085,0.5838468,-7.5470753,0.048891746,1.0,0.15114015,-39.08199,-101.23297,1.3500366,0.0036896748542785645,1022.6651167869568,265000
8.905944,-17.608261,175.7138,665.3567,4.5084276,-9.566702,0.07546338,1.0,173.61348,0.4269938,-7.546151,0.048660845,1.0,0.13338476,-39.019707,-101.316025,0.7918976,0.003691934680938721,1041.1247928142548,270000
21.575161,-12.39148,241.59099,656.72455,4.4357505,-9.593279,0.08077879,1.0,173.96057,0.41591942,-7.5556555,0.05103679,1.0,0.19311252,-39.19731,-102.40764,1.6589,0.003692236614227295,1059.585978269577,275000
17.700989,-18.410576,358.1344,663.3716,4.6906915,-9.701384,0.10239966,1.0,159.08221,0.42156076,-7.569227,0.05442963,1.0,0.0038090944,-40.158287,-101.416824,1.989834,0.0036894370555877686,1078.033166885376,280000
18.941298,-22.10853,247.91576,634.03723,4.3797626,-9.613911,0.08490509,1.0,187.9775,0.5094039,-7.5642333,0.05318129,1.0,0.13514364,-38.683304,-101.668945,1.0334445,0.0036869168758392333,1096.467754125595,285000
9.345581,-11.79747,211.83806,655.0522,4.5873804,-9.565632,0.075249486,1.0,148.17825,0.3856862,-7.577733,0.0565563,1.0,0.064387955,-39.449997,-101.71181,1.1825116,0.0036856045722961426,1114.8957798480988,290000
8.436379,-13.93203,219.18338,681.8627,5.0441294,-9.562298,0.07458242,1.0,155.03406,0.3897376,-7.555293,0.05094621,1.0,0.17417413,-39.833725,-101.04335,1.7224841,0.0036851982593536377,1133.3217742443085,295000
18.31154,-6.9362736,163.62059,680.38556,4.834444,-9.504108,0.06294472,1.0,140.44208,0.40613824,-7.548319,0.04920271,1.0,0.20794937,-38.662827,-101.37264,0.8881073,0.0037217533588409426,1151.9305443763733,300000
15.780583,-9.702932,258.47128,644.3488,4.407229,-9.601208,0.08236449,1.0,177.55923,0.36789465,-7.5548334,0.05083131,1.0,0.094759636,-38.033844,-101.95288,1.1940259,0.004609453344345093,1174.9778137207031,305000
9.526418,-7.3104,194.86464,638.1118,4.222443,-9.656467,0.09341637,1.0,175.58252,0.4040026,-7.5567913,0.051320754,1.0,0.1918296,-38.521202,-101.086494,1.3666017,0.0036884576320648193,1193.4201045036316,310000
7.2708745,-12.798931,194.36575,651.12476,4.367414,-9.53525,0.0691729,1.0,182.36804,0.52698207,-7.556506,0.05124947,1.0,0.16679955,-39.15075,-101.202255,1.1544986,0.003688055324554443,1211.860384464264,315000
6.688601,-7.8833256,188.29707,644.1531,4.6019406,-9.538474,0.069817774,1.0,166.70831,0.46293372,-7.5531454,0.05040931,1.0,0.20654517,-38.902897,-101.64548,1.2361138,0.0036862017631530764,1230.2913963794708,320000
9.18138,-11.8671465,187.67964,650.0996,4.245099,-9.521766,0.06647616,1.0,146.27335,0.43975443,-7.5521393,0.050157867,1.0,0.16493008,-39.599022,-101.28693,0.86554253,0.0036896033763885497,1248.7394161224365,325000
14.4899845,-22.952837,236.78053,655.18713,4.4424324,-9.594595,0.08104201,1.0,154.56445,0.3885352,-7.557434,0.051481526,1.0,0.035407074,-38.58162,-101.16838,1.2940071,0.0036896814346313476,1267.1878290176392,330000
25.833858,-22.329025,341.88815,666.5945,4.864156,-9.539389,0.07000077,1.0,188.99701,0.4939848,-7.5570908,0.05139567,1.0,0.08329204,-39.81129,-101.82056,1.5981276,0.003688404989242554,1285.629857301712,335000
13.728807,-9.434164,241.66098,656.00464,4.490437,-9.678988,0.09792076,1.0,185.91199,0.36426872,-7.568029,0.054130156,1.0,0.009337448,-38.1996,-100.932724,1.895932,0.003684534168243408,1304.0525312423706,340000
18.610695,-8.879069,214.81595,653.6246,4.3079786,-9.580846,0.078292154,1.0,158.32846,0.45401675,-7.561574,0.05251652,1.0,-0.012038708,-40.16562,-102.34707,0.98726535,0.00368396692276001,1322.4723687171936,345000
13.233392,-7.7645164,215.62173,623.723,4.1166935,-9.638549,0.08983274,1.0,177.09296,0.30747318,-7.5669584,0.053862594,1.0,-0.08674103,-39.800392,-101.7718,1.2356861,0.0036802945613861084,1340.873844385147,350000
13.963519,-7.7002754,224.92899,662.1283,4.229951,-9.653948,0.09291239,1.0,168.82657,0.36467445,-7.578806,0.05682435,1.0,0.0031965747,-39.347622,-101.03792,1.4255267,0.004635432004928589,1364.0510075092316,355000
9.441006,-12.234668,225.0911,624.93494,4.062834,-9.526161,0.0673553,1.0,165.09256,0.47146752,-7.5543585,0.050712466,1.0,0.025068603,-39.15979,-101.334656,1.1876978,0.003681486988067627,1382.4584460258484,360000
8.86359,-13.981898,227.43008,673.65027,4.6268454,-9.518692,0.06586137,1.0,183.97192,0.5571058,-7.5492783,0.049442556,1.0,0.092980884,-39.995052,-102.26906,1.5340471,0.0036814802169799804,1400.865849494934,365000
14.937317,-12.699196,219.20561,662.132,4.498889,-9.496403,0.06140356,1.0,163.58603,0.41583276,-7.565838,0.053582508,1.0,0.16940343,-39.15068,-101.97327,1.1143385,0.0036788277626037596,1419.25999045372,370000
6.604238,-7.7935104,159.22137,655.3294,4.448325,-9.483874,0.058897804,1.0,152.84538,0.43557808,-7.552784,0.05031892,1.0,0.14606531,-40.588547,-101.22214,1.1788232,0.003680082178115845,1437.660403728485,375000
14.463912,-13.376625,232.32396,659.9392,4.900422,-9.536359,0.069394566,1.0,165.37064,0.40499377,-7.560176,0.052167,1.0,0.3067323,-40.739098,-101.93532,1.97876,0.0036804983139038087,1456.0628983974457,380000
8.703309,-6.135155,162.17375,641.9592,4.0255613,-9.5395355,0.07003006,1.0,164.16864,0.45275626,-7.5549326,0.05085611,1.0,0.17453972,-41.294495,-101.16632,1.2880547,0.003682249879837036,1474.4741537570953,385000
10.227159,-11.181584,199.382,669.43384,4.7727976,-9.492119,0.060546663,1.0,162.08682,0.43986595,-7.554604,0.05077402,1.0,0.048055917,-39.64775,-101.057205,1.1589277,0.0036808887481689454,1492.878600358963,390000
10.057591,-8.010816,174.90833,641.23645,4.139049,-9.507208,0.06356455,1.0,142.84283,0.42706048,-7.5620403,0.052632973,1.0,0.21566504,-38.686165,-100.64191,0.98174024,0.0036813184261322023,1511.2851955890656,395000
10.030245,-6.028656,188.33076,641.6479,4.4089866,-9.522774,0.066677645,1.0,145.7155,0.35319066,-7.5615177,0.052502446,1.0,0.113073066,-38.1619,-101.3357,1.125427,0.0036822994709014892,1529.6966969966888,400000
8.945369,-7.8943543,185.15533,657.19977,4.4992485,-9.5127735,0.06467754,1.0,166.12283,0.42592883,-7.5567594,0.051312786,1.0,0.058213428,-38.933186,-100.97423,1.0419049,0.004638101530075074,1552.88720703125,405000
16.574255,-10.934695,275.99692,647.53296,4.3593144,-9.535807,0.06928437,1.0,187.50516,0.5592594,-7.560939,0.052357674,1.0,0.16412398,-38.878098,-100.95872,1.7974069,0.0036752767086029054,1571.2635939121246,410000
9.115399,-10.037654,202.68039,660.2428,4.5701942,-9.486132,0.059349228,1.0,163.73082,0.4296909,-7.5463705,0.048715625,1.0,0.1360992,-37.16255,-101.11618,1.3188884,0.0036779156684875487,1589.653175354004,415000
5.717149,-7.996068,174.38684,664.43066,4.673129,-9.484858,0.0590945,1.0,173.47302,0.44243497,-7.567962,0.054113563,1.0,0.15335438,-41.742897,-100.53957,1.3463671,0.00368102388381958,1608.0582976341248,420000
14.157922,-6.8272986,198.89763,664.59106,4.527732,-9.512621,0.0646471,1.0,160.20477,0.40564632,-7.5678444,0.054084018,1.0,0.041161828,-40.229908,-101.10477,1.688378,0.0036843472957611085,1626.480037689209,425000
29.224894,-33.64061,337.3901,658.881,4.951005,-9.524418,0.06700661,1.0,171.69237,0.4089508,-7.552848,0.050335027,1.0,-0.036105983,-39.274834,-100.85756,2.6226757,0.0036830320835113525,1644.8952009677887,430000
10.476203,-9.106606,206.53879,654.26807,4.431993,-9.570431,0.07620917,1.0,178.6894,0.43309656,-7.55917,0.05191552,1.0,0.078706734,-40.38202,-100.87484,1.7667618,0.003683502769470215,1663.3127171993256,435000
11.565233,-8.723677,188.59418,648.35156,4.173676,-9.519496,0.06602209,1.0,173.12112,0.42818114,-7.5573983,0.051472463,1.0,0.112714715,-38.07238,-100.99934,1.213099,0.0036827383518218994,1681.726411819458,440000
13.074799,-7.7847366,214.45137,652.74365,4.3227644,-9.49586,0.061294924,1.0,172.40509,0.39649117,-7.5600357,0.052131798,1.0,0.15916005,-39.779984,-101.236435,1.4852214,0.0036884242534637453,1700.1685359477997,445000
15.72148,-13.669753,282.24692,676.30286,4.5843596,-9.508936,0.06391016,1.0,169.75964,0.43339616,-7.5484486,0.049235117,1.0,0.28619576,-37.952698,-101.19188,1.5545485,0.0036854713916778564,1718.5958960056305,450000
16.025301,-18.307098,237.59921,659.1937,4.464099,-9.483677,0.058858253,1.0,167.12431,0.45711994,-7.551535,0.050006688,1.0,0.048833646,-41.649803,-102.1019,1.2772756,0.004650546836853027,1741.8486332893372,455000
9.659271,-8.200936,225.28043,670.95734,4.839183,-9.486982,0.059519507,1.0,145.79948,0.34709483,-7.559555,0.052011646,1.0,0.19120696,-40.772255,-100.549255,1.0791621,0.0036821959018707275,1760.2596151828766,460000
22.608198,-15.386942,259.79825,675.6559,4.5310216,-9.494018,0.060926557,1.0,164.80554,0.38755587,-7.5521426,0.050158687,1.0,0.10526822,-37.861145,-100.259445,1.3174288,0.003685766887664795,1778.6884517669678,465000
6.210372,-13.527168,167.8419,662.6654,4.7207594,-9.496944,0.06151178,1.0,146.95224,0.43365562,-7.5631895,0.052920327,1.0,0.24414384,-40.082817,-101.38664,1.1082908,0.003686110830307007,1797.1190087795258,470000
15.173484,-14.137256,206.98589,658.26917,4.779846,-9.55542,0.073207095,1.0,153.53943,0.33374733,-7.5646725,0.053291142,1.0,0.16009773,-39.315292,-100.79779,1.1047812,0.003685205078125,1815.5450394153595,475000
9.29917,-15.625775,222.9289,676.4101,4.6744146,-9.508966,0.06391624,1.0,147.29108,0.36728665,-7.560153,0.052161284,1.0,0.12509993,-40.85957,-101.28461,1.2150296,0.0036831562042236327,1833.9608240127563,480000
9.865753,-13.316571,192.97588,660.86865,4.154764,-9.531778,0.068478666,1.0,171.37032,0.46036056,-7.5444016,0.048223317,1.0,0.14740637,-39.67101,-100.44231,1.1710212,0.003685594892501831,1852.388801574707,485000
15.218327,-18.800812,276.23074,641.10974,3.9135048,-9.520025,0.06612784,1.0,168.56845,0.4312704,-7.5640345,0.053131483,1.0,0.105820745,-40.12064,-101.88317,1.445043,0.0036850332736968992,1870.8139708042145,490000
8.063795,-8.843547,187.85693,643.51,4.3484764,-9.5232525,0.06677349,1.0,159.13766,0.3997702,-7.5602384,0.052182563,1.0,0.09853217,-40.728584,-101.06741,1.2191832,0.0036858029365539552,1889.2429883480072,495000
16.720436,-16.687622,240.57304,666.85,4.614688,-9.6082325,0.0837694,1.0,167.41193,0.4879009,-7.563845,0.053084247,1.0,-0.11368974,-38.77271,-101.11279,1.2822714,0.0036862561702728273,1907.6742720603943,500000
5.7317967,-7.9520736,167.0309,650.9324,4.179366,-9.572821,0.0766871,1.0,172.9511,0.45022655,-7.5504665,0.04973957,1.0,0.14057711,-39.563713,-100.895004,1.0579455,0.004612027597427368,1930.7344126701355,505000
7.0705442,-7.179841,145.87805,638.6758,4.294069,-9.543737,0.07087051,1.0,172.50807,0.47463578,-7.552824,0.05032906,1.0,0.13294101,-39.406036,-101.64242,0.7990184,0.0036792860984802248,1949.1308460235596,510000
8.463327,-14.665444,202.60202,643.74927,3.9525838,-9.504576,0.06303809,1.0,169.31425,0.41565073,-7.560213,0.052176267,1.0,0.24688698,-39.34632,-101.09067,1.6920526,0.003681711959838867,1967.5394096374512,515000
10.723011,-14.752742,190.92043,654.7036,4.5912786,-9.5204,0.06620302,1.0,158.70319,0.39648896,-7.5632553,0.05293677,1.0,0.15009326,-37.887558,-101.54016,1.2262129,0.00372606201171875,1986.1697227954865,520000
10.074923,-6.3841844,178.30406,639.5783,4.5010753,-9.525071,0.06713728,1.0,172.53201,0.35968226,-7.5493,0.049447894,1.0,0.091610916,-37.522274,-100.744675,1.4299171,0.003689482259750366,2004.6171371936798,525000
16.425146,-12.226561,244.18192,659.6389,4.7034817,-9.519039,0.06593083,1.0,193.16766,0.57555974,-7.5551205,0.05090309,1.0,0.1025649,-38.626835,-100.69417,1.5085083,0.0036871326923370363,2023.0528037548065,530000
15.256325,-5.952846,175.24033,646.5521,4.54486,-9.493806,0.060884085,1.0,150.00526,0.39181975,-7.5516424,0.05003366,1.0,0.20001295,-37.966038,-100.73108,1.1902437,0.0036877220630645753,2041.4914162158966,535000
12.59407,-9.828083,242.1045,638.50793,4.493107,-9.492391,0.060601126,1.0,171.32477,0.51115966,-7.5434647,0.04798919,1.0,0.17769356,-41.16517,-100.88641,1.0489126,0.003703064250946045,2060.0067398548126,540000
6.694741,-19.660915,195.1383,674.8514,4.5838885,-9.518878,0.06589857,1.0,169.73615,0.47061864,-7.553137,0.050407164,1.0,0.08315821,-41.561756,-100.91199,0.86906695,0.0036924030780792236,2078.4687588214874,545000
18.111954,-15.92971,351.8486,651.5775,4.297326,-9.634165,0.08895612,1.0,155.44629,0.4122628,-7.5628376,0.05283246,1.0,-0.0727307,-37.600395,-100.77112,1.3363774,0.003686253499984741,2096.900029182434,550000
14.087234,-6.568424,174.10252,655.9647,4.48736,-9.478883,0.057899475,1.0,157.96027,0.44529748,-7.553244,0.050433993,1.0,0.18719614,-39.384575,-100.58978,1.368984,0.00463946704864502,2120.0973677635193,555000
6.621392,-10.566871,210.23239,654.68225,4.229742,-9.518065,0.06573595,1.0,138.18791,0.33542663,-7.562968,0.052864887,1.0,0.19466788,-38.822334,-100.88989,1.4620057,0.0036815743923187256,2138.5052449703217,560000
11.721554,-8.59365,171.44043,676.5968,4.7746615,-9.460904,0.054303825,1.0,148.50296,0.46312562,-7.550828,0.049829885,1.0,0.2162334,-39.514397,-101.05309,0.86772573,0.0036813037872314453,2156.9117670059204,565000
9.532018,-14.985133,249.60678,656.8291,4.3703604,-9.494638,0.06105082,1.0,167.98941,0.45629877,-7.5586834,0.051793776,1.0,0.0813239,-39.923187,-100.670746,1.5464814,0.0036830612182617187,2175.327075481415,570000
6.6564827,-7.6388416,183.13347,642.80426,4.2713647,-9.556748,0.073472716,1.0,166.58907,0.4582113,-7.5512767,0.049942084,1.0,0.11886041,-40.41175,-101.05917,1.2481146,0.0036829668045043947,2193.7419123649597,575000
9.025951,-10.139114,191.39151,660.99817,4.579607,-9.499397,0.06200247,1.0,168.697,0.40434346,-7.555889,0.051095203,1.0,0.272108,-38.389038,-101.14887,1.4509071,0.003684536600112915,2212.1645979881287,580000
7.818896,-14.642625,201.84137,646.72327,4.3478494,-9.52734,0.06759075,1.0,170.441,0.4341206,-7.5618763,0.05259212,1.0,0.065877475,-41.03144,-100.79573,1.8386842,0.003688370132446289,2230.60645198822,585000
12.129908,-10.229261,220.90363,645.0522,4.4856925,-9.5086355,0.06384997,1.0,145.89217,0.37758678,-7.54984,0.049583,1.0,0.0031112432,-39.89608,-100.444305,1.238245,0.003685639715194702,2249.0346534252167,590000
7.924422,-9.473122,181.90405,649.8465,4.2065997,-9.480949,0.05831294,1.0,145.91179,0.46176597,-7.5532637,0.05043889,1.0,0.15986395,-42.56785,-100.5578,1.1579778,0.0036823356628417968,2267.44633436203,595000
9.107439,-14.497274,209.63025,658.3851,4.5924006,-9.528779,0.06787864,1.0,161.19826,0.45466483,-7.547169,0.048915327,1.0,0.08139258,-41.31862,-100.76982,1.557428,0.0036815382480621336,2285.8540284633636,600000
23.981424,-19.45397,261.5875,636.97876,4.2588987,-9.521718,0.06646657,1.0,143.04652,0.2875613,-7.562044,0.052633934,1.0,0.03522536,-39.951756,-101.19126,1.2503046,0.004613914346694946,2308.9236028194427,605000
8.408405,-16.553537,185.41199,636.2879,4.2968135,-9.564063,0.07493552,1.0,173.46323,0.39094836,-7.5617104,0.05255064,1.0,0.093447074,-40.42324,-100.45906,1.2213053,0.0036841164112091066,2327.3441874980927,610000
11.204594,-9.93737,181.7048,653.81287,4.341612,-9.493875,0.060897853,1.0,159.24402,0.4001416,-7.551245,0.049934305,1.0,0.10051509,-39.31545,-101.174484,1.2844735,0.0036848773956298826,2345.7685792446136,615000
25.567884,-29.179752,269.41342,654.59827,4.192532,-9.5865135,0.07942561,1.0,156.42886,0.3270504,-7.5735807,0.055518012,1.0,0.1259393,-36.08451,-100.938385,1.3306117,0.0036813506603240965,2364.1753358840942,620000
16.993998,-11.918342,201.04556,646.931,4.2525015,-9.517731,0.06566903,1.0,155.8144,0.454125,-7.561409,0.052475147,1.0,0.11186888,-40.012825,-100.96503,0.95661515,0.0036821138858795168,2382.585908651352,625000
8.17316,-11.8856125,174.14346,680.5574,5.0785074,-9.452321,0.05258702,1.0,152.4979,0.31883863,-7.5502853,0.049694393,1.0,0.19688672,-40.546974,-100.52664,2.0196984,0.003682327938079834,2400.9975533485413,630000
19.147137,-10.224529,225.10262,649.1162,4.5546846,-9.485085,0.059139933,1.0,170.39835,0.38571686,-7.5587864,0.05181954,1.0,0.32235557,-39.466515,-100.511566,1.2731234,0.003689255619049072,2419.443836212158,635000
11.299441,-18.104046,213.61807,666.46423,4.5005646,-9.522268,0.06657673,1.0,179.60693,0.45051023,-7.545583,0.04851862,1.0,0.20558335,-40.955215,-100.83675,1.2986224,0.0036899763107299806,2437.893721342087,640000
29.794983,-37.895374,371.80716,664.7379,4.51905,-9.523344,0.06679164,1.0,170.09647,0.36425087,-7.560074,0.052141562,1.0,0.11114727,-38.623905,-100.592064,2.3012323,0.003688456344604492,2456.336005926132,645000
21.014423,-10.425425,217.58862,667.89624,4.698206,-9.529127,0.06794836,1.0,149.89969,0.3728088,-7.5540247,0.050629046,1.0,0.11365034,-41.064682,-100.773056,1.4309963,0.003685911512374878,2474.7655687332153,650000
6.6547046,-8.189588,180.44583,684.08765,4.8122997,-9.493169,0.06075673,1.0,148.72923,0.39342555,-7.546419,0.048727743,1.0,1.3041954,-40.667973,-100.88498,1.8760083,0.004643606424331665,2497.983604669571,655000
9.4414835,-11.698105,228.35304,646.5506,4.5113955,-9.4789095,0.05790479,1.0,192.52756,0.50908214,-7.5433726,0.04796612,1.0,0.26312053,-39.95227,-100.459885,1.2607675,0.003683083438873291,2516.399026632309,660000
12.853322,-19.10787,192.5672,671.3325,4.4809237,-9.492083,0.060539376,1.0,157.87901,0.454637,-7.5560355,0.051131815,1.0,0.1280547,-39.67569,-100.86064,1.2016904,0.003687244987487793,2534.8352541923523,665000
11.846524,-19.052841,230.24593,647.8187,4.5017347,-9.523809,0.066884905,1.0,176.20761,0.45656556,-7.570219,0.05467779,1.0,0.17786944,-38.66562,-101.41653,1.2806689,0.0036909507751464845,2553.290013551712,670000
16.545273,-11.699236,270.9848,664.82587,4.790642,-9.472632,0.056649458,1.0,176.88913,0.45589262,-7.546322,0.048703484,1.0,0.11868458,-40.358932,-100.94718,2.199447,0.0036926889896392824,2571.753462076187,675000
16.062412,-13.202649,241.83606,654.97473,4.627305,-9.484866,0.059096243,1.0,151.54044,0.33243978,-7.5575166,0.051502064,1.0,0.098792896,-40.793373,-100.80197,1.4959877,0.0036886130332946777,2590.1965305805206,680000
12.786695,-9.983048,204.22406,663.18036,4.476042,-9.507235,0.06356987,1.0,152.61426,0.3670615,-7.5526896,0.050295383,1.0,0.08351115,-39.733543,-100.668915,1.3490254,0.0036817831993103027,2608.6054499149323,685000
7.9726405,-9.581594,163.44234,643.532,4.308259,-9.4611225,0.054347377,1.0,162.30179,0.50246537,-7.561423,0.05247868,1.0,0.16504857,-39.877373,-101.32105,1.0769389,0.0036824378967285154,2627.0176451206207,690000
7.8485274,-10.509148,200.8404,677.966,4.9258165,-9.442987,0.05072063,1.0,182.5694,0.49244913,-7.5424476,0.04773491,1.0,0.17663747,-38.169395,-100.788025,1.6832933,0.003682539081573486,2645.4303438663483,695000
12.738372,-10.624808,207.43578,661.1947,4.7764874,-9.467437,0.05561033,1.0,166.45836,0.42242622,-7.555761,0.051063135,1.0,0.1602788,-38.985573,-100.54678,1.3668957,0.0036830692291259766,2663.8456926345825,700000
19.32813,-12.442363,264.1698,649.80566,4.5107317,-9.46484,0.055091012,1.0,183.04,0.5303799,-7.545273,0.048441093,1.0,0.12937704,-39.427814,-101.01871,2.2153473,0.0046431667804718016,2687.0615298748016,705000
14.206885,-11.814711,186.13113,645.65796,4.5550885,-9.51661,0.06544508,1.0,171.7291,0.5101212,-7.55367,0.05054047,1.0,0.27787858,-39.148026,-100.70254,1.1122547,0.003679040479660034,2705.4567353725433,710000
33.988777,-12.395972,308.95447,671.5773,5.0822916,-9.465242,0.05517137,1.0,173.52188,0.48400342,-7.5493727,0.0494662,1.0,0.17656215,-41.542522,-100.678505,1.688528,0.0036791781425476074,2723.85262966156,715000
18.290827,-10.775415,212.90283,639.8684,4.3883367,-9.498848,0.061892595,1.0,157.17567,0.39281982,-7.542325,0.047704294,1.0,0.24252823,-39.942635,-100.54348,1.1076837,0.0036827206134796143,2742.266237974167,720000
18.904783,-7.942015,192.1087,669.2457,4.6756134,-9.4939,0.0609031,1.0,162.64731,0.43321082,-7.5516534,0.050036214,1.0,0.06498341,-39.37918,-100.59697,1.0456443,0.0036832429885864256,2760.682455778122,725000
15.517862,-16.597536,279.3078,686.4545,4.814644,-9.453188,0.05276045,1.0,169.50565,0.49917737,-7.5622783,0.052692495,1.0,0.052609943,-40.517315,-100.71304,2.1064792,0.0036836491107940673,2779.1007041931152,730000
12.368941,-14.007034,171.30647,671.9818,4.8596206,-9.453591,0.052841216,1.0,160.77946,0.2472919,-7.552264,0.050189007,1.0,0.08801493,-40.482674,-100.61882,1.3025923,0.0036843617916107177,2797.522516489029,735000
6.8902164,-17.687677,201.26318,658.7705,4.8983846,-9.504471,0.06301738,1.0,159.6751,0.50674456,-7.541423,0.047478642,1.0,0.13296412,-41.432915,-100.563545,1.1077635,0.003686501216888428,2815.955025434494,740000
9.71937,-7.3652177,172.36343,658.6072,4.60946,-9.483938,0.05891074,1.0,159.9457,0.43709925,-7.5481787,0.049167693,1.0,0.12839933,-40.462917,-100.39432,0.9683469,0.003684638023376465,2834.3782184123993,745000
12.353705,-9.170524,201.71797,623.0126,3.9429564,-9.52456,0.06703491,1.0,186.00815,0.49419957,-7.561384,0.052468922,1.0,0.17421883,-39.901936,-100.810326,1.5216097,0.0036869207859039307,2852.8128249645233,750000
10.452301,-5.442548,186.14621,654.8613,4.44347,-9.499424,0.06200781,1.0,172.42883,0.4339354,-7.541652,0.047536008,1.0,0.04225252,-40.506424,-100.68938,1.2776647,0.004647918653488159,2876.052421569824,755000
5.504379,-11.298778,217.88463,648.1982,4.618125,-9.4753685,0.057196595,1.0,157.62254,0.4114123,-7.568354,0.054211535,1.0,0.36846188,-39.259396,-101.19977,2.014774,0.0036851916790008547,2894.478382587433,760000
12.0260315,-6.162306,200.7594,651.5414,4.444255,-9.479037,0.057930548,1.0,162.05223,0.4947346,-7.5527306,0.050305564,1.0,0.384969,-38.997795,-100.846146,1.8232917,0.003687800645828247,2912.917388677597,765000
12.446504,-10.298564,182.69463,670.90515,4.8416452,-9.500376,0.062198102,1.0,155.46808,0.34762743,-7.546067,0.048639763,1.0,0.14210963,-42.308105,-100.53046,1.7059228,0.0036888564109802246,2931.361675977707,770000
19.276718,-11.244167,224.0303,662.9231,4.3504524,-9.481962,0.058515538,1.0,155.95485,0.519917,-7.5534134,0.05047629,1.0,0.11810369,-39.756767,-100.56964,1.6277319,0.0036881924629211427,2949.802640914917,775000
14.038873,-16.056633,208.27007,661.4192,4.7400317,-9.498125,0.06174785,1.0,172.73376,0.5164957,-7.5463676,0.0487149,1.0,0.072933756,-40.386063,-100.725876,1.3271593,0.0036903468132019044,2968.2543778419495,780000
13.462359,-19.193624,239.63908,682.4009,4.9767747,-9.423206,0.046764176,1.0,141.05743,0.3865673,-7.5536137,0.05052641,1.0,0.062374257,-39.85995,-100.73155,1.1617389,0.0036891618728637694,2986.7001898288727,785000
15.004112,-10.345353,188.18681,666.445,4.5699186,-9.440837,0.050290305,1.0,174.27841,0.46852016,-7.5566177,0.05127735,1.0,0.036956638,-42.096214,-100.86672,1.340995,0.003687737035751343,3005.1388778686523,790000
12.40472,-12.048601,169.77979,654.5115,4.754913,-9.485789,0.05928082,1.0,151.66016,0.40829277,-7.560443,0.05223368,1.0,0.25231785,-40.438416,-100.60209,0.8860415,0.0036916008949279787,3023.596885919571,795000
29.327934,-36.770515,393.8635,676.2788,4.864354,-9.442967,0.05071645,1.0,166.5087,0.4668859,-7.5382404,0.046683066,1.0,0.2231729,-41.959427,-100.3826,1.7938557,0.0036922080516815186,3042.0579290390015,800000
9.170517,-8.125214,183.26631,663.7514,4.5008245,-9.504068,0.06293644,1.0,145.6322,0.3739472,-7.572677,0.05529219,1.0,0.2557953,-41.203045,-101.0741,1.3181934,0.004615427732467652,3065.1350712776184,805000
9.650622,-6.731872,194.68843,638.6142,4.4927773,-9.479945,0.058112014,1.0,171.53337,0.44209462,-7.559952,0.05211096,1.0,0.23253357,-40.744576,-101.02908,1.3889683,0.003682923412322998,3083.5496912002563,810000
6.4568896,-8.531716,149.99919,648.86304,4.548537,-9.460262,0.054175295,1.0,158.35158,0.46905762,-7.550497,0.04974717,1.0,0.11654916,-40.975723,-100.16617,1.0358071,0.003681147813796997,3101.9554331302643,815000
7.927043,-12.535601,191.6509,661.3705,4.7322354,-9.459821,0.054087114,1.0,173.95422,0.49991724,-7.560813,0.05232613,1.0,0.063106455,-39.28794,-100.53099,1.1086802,0.003680899953842163,3120.359935760498,820000
20.064575,-18.815166,315.17426,674.7698,4.78686,-9.46168,0.054459054,1.0,171.20355,0.49268922,-7.5507746,0.04981651,1.0,0.051352814,-41.375153,-100.90047,2.0998127,0.003681501054763794,3138.76744389534,825000
6.0250454,-9.634835,160.67596,666.6969,4.8117447,-9.472563,0.0566355,1.0,150.87408,0.35041034,-7.5388794,0.046842754,1.0,0.099941656,-42.110085,-100.77725,0.98264366,0.0036792041301727295,3157.163467645645,830000
7.6735654,-9.792381,165.35864,632.17004,4.2172174,-9.477666,0.05765618,1.0,167.93683,0.473759,-7.560263,0.05218872,1.0,0.1558244,-41.76705,-100.855,1.1338191,0.003684565544128418,3175.586297750473,835000
8.601185,-5.7301393,176.49559,675.3311,4.7654324,-9.440149,0.050153077,1.0,173.44196,0.4705103,-7.5416584,0.04753756,1.0,0.08549994,-41.150352,-101.18303,1.318579,0.003687776231765747,3194.0251820087433,840000
36.28873,-47.710964,373.3911,661.4021,4.633813,-9.453009,0.052724708,1.0,185.27716,0.49941733,-7.5524397,0.050232843,1.0,0.015102856,-38.528275,-100.54322,1.9886124,0.003689715623855591,3212.473762989044,845000
8.202218,-11.145513,175.44318,638.2473,4.5307198,-9.490211,0.060165085,1.0,152.5425,0.37113947,-7.5469637,0.048863884,1.0,0.18076955,-40.36371,-100.77522,1.3089173,0.003693435287475586,3230.940942764282,850000
9.127409,-7.6202593,180.14296,661.59174,4.3972406,-9.431485,0.048420098,1.0,170.51819,0.53355,-7.546881,0.048843235,1.0,0.18922806,-41.34281,-100.92244,1.6497796,0.004651064729690552,3254.1962702274323,855000
8.5876875,-13.689622,186.69514,647.30725,4.2829137,-9.494499,0.061022986,1.0,152.53754,0.4314432,-7.550817,0.04982718,1.0,0.25380725,-39.38744,-100.44408,1.3139346,0.0036877124309539796,3272.6348354816437,860000
8.370621,-8.353831,181.66293,662.9081,4.69417,-9.459706,0.054064274,1.0,176.87935,0.5073844,-7.5502186,0.049677618,1.0,0.0623554,-39.46172,-100.770065,1.5585952,0.0036888176441192628,3291.0789296627045,865000
8.538303,-9.353085,168.03847,666.5177,4.899518,-9.479775,0.058078002,1.0,166.23157,0.47279215,-7.555855,0.051086687,1.0,0.10758272,-39.427845,-100.50553,1.11409,0.0037133002281188963,3309.6454339027405,870000
